Date,Adj CloseT,Adj CloseR,Adj CloseA,Adj CloseH,Adj CloseI,Adj CloseB,Adj CloseINF
2020-07-30,103.6500015258789,2102.087890625,550.7587890625,1034.098876953125,175.4956817626953,360.7549133300781,923.033935546875
2020-07-31,104.6500015258789,2060.4716796875,552.9012451171875,1016.5301513671875,176.22181701660156,356.1927185058594,927.402099609375
2020-08-03,113.05000305175781,2002.557861328125,545.4275512695312,986.2152709960938,174.81494140625,359.6358947753906,918.6658325195312
2020-08-04,111.44999694824219,2143.703857421875,547.07177734375,1025.24072265625,175.76797485351562,351.6736145019531,911.8974609375
2020-08-05,115.4000015258789,2119.63134765625,556.9868774414062,1011.36279296875,174.99647521972656,353.3091125488281,906.9532470703125
2020-08-06,116.80000305175781,2127.2568359375,555.2999877929688,1024.3055419921875,177.31100463867188,352.534423828125,932.058349609375
2020-08-07,119.0999984741211,2139.567138671875,560.7999877929688,1027.406005859375,177.9463653564453,361.3144226074219,912.905517578125
2020-08-10,123.8499984741211,2113.052490234375,558.8499755859375,1034.098876953125,180.48782348632812,357.35479736328125,913.3374633789062
2020-08-11,122.30000305175781,2126.957763671875,551.0999755859375,1049.846923828125,184.2999725341797,369.49188232421875,910.5534057617188
2020-08-12,125.3499984741211,2120.77783203125,547.7000122070312,1046.943359375,185.3437957763672,363.0790100097656,916.7936401367188
2020-08-13,131.14999389648438,2115.245361328125,535.3499755859375,1042.3665771484375,182.8477020263672,362.51953125,913.1934814453125
2020-08-14,124.5999984741211,2107.02197265625,528.5999755859375,1018.154052734375,178.2640380859375,355.7193298339844,915.4976196289062
2020-08-17,123.55000305175781,2084.64404296875,521.4000244140625,1016.4808349609375,180.39703369140625,351.1141052246094,919.2418212890625
2020-08-18,125.5999984741211,2111.756591796875,526.2999877929688,1039.8568115234375,180.2155303955078,346.2937316894531,928.89013671875
2020-08-19,125.1500015258789,2124.715087890625,535.8499755859375,1049.797607421875,180.12474060058594,347.4988708496094,920.9697875976562
2020-08-20,121.69999694824219,2090.32568359375,525.5499877929688,1042.3173828125,177.71946716308594,355.03070068359375,916.9857177734375
2020-08-21,120.9000015258789,2075.17431640625,520.25,1068.547607421875,178.62710571289062,353.0078430175781,910.8893432617188
2020-08-24,121.19999694824219,2089.02978515625,526.9000244140625,1099.452880859375,178.5363311767578,352.7065734863281,909.5452880859375
2020-08-25,127.0999984741211,2075.423583984375,528.6500244140625,1102.06103515625,177.35638427734375,355.4180603027344,900.616943359375
2020-08-26,137.89999389648438,2130.446533203125,514.5,1100.830810546875,176.94793701171875,353.0078430175781,912.8095092773438
2020-08-27,144.25,2103.832275390625,511.1499938964844,1094.5809326171875,176.31259155273438,355.4610900878906,909.209228515625
2020-08-28,142.8000030517578,2109.3642578125,523.4500122070312,1096.943115234375,177.49252319335938,357.2687683105469,897.8807373046875
2020-08-31,143.1999969482422,2074.028076171875,513.0999755859375,1098.271728515625,173.45346069335938,351.0280456542969,891.4964599609375
2020-09-01,143.8000030517578,2080.556884765625,546.25,1109.5413818359375,172.63656616210938,350.5545959472656,877.6239013671875
2020-09-02,150.3000030517578,2121.375732421875,550.5499877929688,1116.283447265625,173.6803741455078,356.3218688964844,887.0802612304688
2020-09-03,151.85000610351562,2105.327392578125,538.0,1113.084716796875,173.9073028564453,355.8484191894531,898.1688232421875
2020-09-04,147.8000030517578,2070.589111328125,523.1500244140625,1101.66748046875,169.45977783203125,347.1975402832031,882.4241943359375
2020-09-07,149.39999389648438,2075.9716796875,515.4500122070312,1093.0059814453125,171.6381378173828,344.4861145019531,888.08837890625
2020-09-08,142.3000030517578,2100.343505859375,498.1000061035156,1094.92529296875,170.77586364746094,354.7294006347656,901.7689819335938
2020-09-09,140.10000610351562,2154.41943359375,504.25,1079.2265625,166.8275604248047,349.43560791015625,890.6804809570312
2020-09-10,143.3000030517578,2306.579833984375,497.3500061035156,1073.3704833984375,167.8259735107422,370.39569091796875,902.489013671875
2020-09-11,144.3000030517578,2312.3115234375,491.6499938964844,1061.6578369140625,166.9636993408203,369.0614929199219,907.9132080078125
2020-09-14,148.5500030517578,2295.166748046875,474.1000061035156,1041.2838134765625,166.4191131591797,359.07635498046875,939.3067016601562
2020-09-15,148.39999389648438,2311.41455078125,485.54998779296875,1053.6361083984375,165.01223754882812,356.709228515625,943.1949462890625
2020-09-16,151.4499969482422,2317.09619140625,481.75,1076.4215087890625,163.9684295654297,355.54718017578125,961.7236938476562
2020-09-17,147.64999389648438,2291.37890625,479.0,1066.52978515625,162.10772705078125,357.7421875,970.6040649414062
2020-09-18,147.89999389648438,2298.306396484375,494.54998779296875,1040.6441650390625,162.5615692138672,354.6863708496094,962.1077880859375
2020-09-21,137.4499969482422,2248.616455078125,467.75,1032.7701416015625,159.52090454101562,345.56207275390625,969.5480346679688
2020-09-22,133.10000610351562,2204.0595703125,470.95001220703125,1019.089111328125,158.11402893066406,337.5567626953125,967.2439575195312
2020-09-23,131.39999389648438,2223.646728515625,433.79998779296875,1030.75244140625,156.57101440429688,333.6832580566406,979.0045166015625
2020-09-24,122.80000305175781,2174.205810546875,419.29998779296875,1014.1679077148438,151.17044067382812,324.7310791015625,936.4266357421875
2020-09-25,127.25,2194.639892578125,439.6499938964844,1027.5535888671875,154.98260498046875,323.4399108886719,971.0360717773438
2020-09-28,132.85000610351562,2209.143310546875,443.6499938964844,1037.5928955078125,157.29714965820312,331.53125,970.0281372070312
2020-09-29,131.6999969482422,2237.85107421875,435.6000061035156,1045.8115234375,153.7572784423828,332.7363586425781,968.6839599609375
2020-09-30,133.3000030517578,2227.185302734375,420.95001220703125,1061.608642578125,155.8448944091797,303.90008544921875,967.9639892578125
2020-10-01,133.5,2218.114501953125,432.3500061035156,1089.5118408203125,155.07337951660156,304.1152648925781,976.9884643554688
2020-10-05,133.89999389648438,2205.106201171875,424.45001220703125,1096.79541015625,153.62112426757812,304.846923828125,1006.7976684570312
2020-10-06,144.75,2203.262451171875,426.75,1126.0767822265625,154.2111053466797,303.0392761230469,1013.5660400390625
2020-10-07,141.0,2250.260986328125,422.45001220703125,1143.94091796875,153.84805297851562,294.6036071777344,1023.9345092773438
2020-10-08,140.9499969482422,2232.069580078125,424.45001220703125,1173.0252685546875,151.7150421142578,292.70989990234375,1049.9996337890625
2020-10-09,138.4499969482422,2226.2880859375,425.20001220703125,1214.11767578125,152.35043334960938,296.97076416015625,1062.576416015625
2020-10-12,135.89999389648438,2229.876708984375,415.04998779296875,1194.5311279296875,156.2987060546875,294.0440673828125,1086.8653564453125
2020-10-13,134.10000610351562,2273.38671875,415.29998779296875,1179.5704345703125,154.43801879882812,291.89215087890625,1111.53857421875
2020-10-14,130.6999969482422,2280.164794921875,413.25,1192.4150390625,152.30502319335938,286.5552673339844,1091.569580078125
2020-10-15,126.94999694824219,2199.424560546875,399.20001220703125,1150.83056640625,149.8089599609375,281.1753845214844,1063.9683837890625
2020-10-16,127.75,2168.822998046875,401.6499938964844,1180.4564208984375,150.39895629882812,292.6238098144531,1082.4490966796875
2020-10-19,128.25,2169.2216796875,397.70001220703125,1184.5902099609375,152.71347045898438,298.3910827636719,1080.9130859375
2020-10-20,129.64999389648438,2148.98681640625,405.0,1204.668701171875,151.9873504638672,295.55047607421875,1092.049560546875
2020-10-21,130.25,2117.787353515625,419.0,1227.0604248046875,152.1688690185547,300.8873291015625,1102.466064453125
2020-10-22,133.5,2100.19384765625,430.6499938964844,1213.87158203125,152.9857635498047,300.7152099609375,1083.9373779296875
2020-10-23,137.0,2106.2744140625,434.3999938964844,1216.332275390625,154.98260498046875,302.60888671875,1089.2257080078125
2020-10-26,133.6999969482422,2022.5933837890625,434.04998779296875,1191.824462890625,152.9857635498047,297.9176330566406,1079.4736328125
2020-10-27,135.64999389648438,2027.9761962890625,433.3500061035156,1213.6746826171875,151.76043701171875,300.11260986328125,1058.513916015625
2020-10-28,134.8000030517578,2005.0,451.8500061035156,1190.544921875,150.2174072265625,297.358154296875,1044.6378173828125
2020-10-29,131.89999389648438,2020.4005126953125,450.79998779296875,1168.497802734375,148.71978759765625,294.21624755859375,1042.9881591796875
2020-10-30,132.64999389648438,2047.9119873046875,433.75,1164.9052734375,149.99049377441406,305.1051940917969,1029.1605224609375
2020-11-02,132.85000610351562,1871.4296875,457.3999938964844,1196.10595703125,151.35198974609375,298.17584228515625,1040.5137939453125
2020-11-03,134.10000610351562,1844.466552734375,454.6000061035156,1228.290771484375,154.3926544189453,302.0063781738281,1031.0528564453125
2020-11-04,135.89999389648438,1907.0650634765625,453.04998779296875,1237.5919189453125,154.12034606933594,300.2847900390625,1061.52197265625
2020-11-05,137.64999389648438,1948.7310791015625,457.29998779296875,1249.2059326171875,158.61325073242188,315.3054504394531,1071.274169921875
2020-11-06,139.0,2022.643310546875,449.8999938964844,1287.0504150390625,157.8871307373047,311.991455078125,1079.7646484375
2020-11-09,141.0,2044.1241455078125,471.79998779296875,1319.4320068359375,156.84332275390625,323.2677307128906,1102.8592529296875
2020-11-10,146.0,2077.86572265625,466.3999938964844,1371.695556640625,161.88082885742188,329.5083923339844,1058.7080078125
2020-11-11,150.9499969482422,1990.795654296875,478.6000061035156,1368.0538330078125,168.1890411376953,339.1492004394531,1089.2257080078125
2020-11-12,151.1999969482422,1973.65087890625,479.8500061035156,1350.0911865234375,170.63970947265625,339.708740234375,1084.616455078125
2020-11-13,146.35000610351562,1989.998291015625,475.75,1337.3946533203125,169.82284545898438,339.1492004394531,1090.875244140625
2020-11-14,148.85000610351562,1995.87939453125,481.5,1348.122802734375,171.184326171875,355.3750305175781,1099.8509521484375
2020-11-17,158.0,1986.8583984375,484.54998779296875,1386.2623291015625,170.04974365234375,339.708740234375,1090.39013671875
2020-11-18,173.5,1980.8277587890625,478.3999938964844,1386.5084228515625,167.05447387695312,329.7236022949219,1077.6300048828125
2020-11-19,167.9499969482422,1966.8228759765625,468.54998779296875,1352.6995849609375,170.5489501953125,330.2831726074219,1064.239013671875
2020-11-20,169.10000610351562,1893.4090576171875,483.70001220703125,1381.5380859375,173.998046875,329.9388122558594,1070.6431884765625
2020-11-23,170.6999969482422,1944.44482421875,477.25,1372.6304931640625,173.22653198242188,339.5365905761719,1106.0614013671875
2020-11-24,172.0500030517578,1957.7520751953125,474.25,1415.543701171875,177.49252319335938,335.49090576171875,1106.255615234375
2020-11-25,171.4499969482422,1941.55419921875,464.1000061035156,1380.701416015625,175.9495391845703,328.86285400390625,1082.578857421875
2020-11-26,173.75,1946.3387451171875,468.3999938964844,1404.1756591796875,176.81179809570312,325.3766784667969,1080.2012939453125
2020-11-27,180.35000610351562,1923.6119384765625,463.25,1418.15185546875,175.76797485351562,321.07275390625,1067.392578125
2020-12-01,179.75,1948.6314697265625,479.45001220703125,1410.720947265625,176.44873046875,326.4956970214844,1104.12060546875
2020-12-02,183.60000610351562,1951.8709716796875,484.8999938964844,1384.785888671875,177.8555908203125,330.9718017578125,1107.0802001953125
2020-12-03,184.85000610351562,1957.7520751953125,479.8999938964844,1355.504638671875,178.08251953125,339.0631408691406,1093.05859375
2020-12-04,184.14999389648438,1940.507568359375,493.75,1363.772216796875,179.8978271484375,337.6858825683594,1101.0155029296875
2020-12-07,183.5500030517578,1951.9207763671875,508.95001220703125,1350.632568359375,184.39073181152344,340.010009765625,1109.6031494140625
2020-12-08,181.8000030517578,1987.3568115234375,503.6000061035156,1354.618896484375,183.75538635253906,336.09344482421875,1119.1612548828125
2020-12-09,182.6999969482422,2020.4503173828125,503.04998779296875,1385.0321044921875,186.43296813964844,340.1390686035156,1140.363525390625
2020-12-10,177.60000610351562,2000.5643310546875,505.1499938964844,1364.0184326171875,193.05886840820312,343.7113342285156,1133.13427734375
2020-12-11,178.85000610351562,1999.3682861328125,504.3999938964844,1361.0164794921875,196.32644653320312,342.07586669921875,1128.7191162109375
2020-12-14,177.64999389648438,1984.9146728515625,503.04998779296875,1350.5343017578125,195.96337890625,349.0052185058594,1130.0291748046875
2020-12-15,178.89999389648438,1968.01904296875,504.20001220703125,1369.382568359375,193.83038330078125,343.1088562011719,1120.3741455078125
2020-12-16,182.5500030517578,1970.2120361328125,516.2000122070312,1388.4769287109375,194.23883056640625,343.96966552734375,1131.1448974609375
2020-12-17,181.6999969482422,1979.23291015625,515.0999755859375,1419.0870361328125,193.37655639648438,340.3542785644531,1124.8377685546875
2020-12-18,180.5500030517578,1985.1639404296875,510.6499938964844,1389.11669921875,194.69265747070312,339.0201110839844,1154.5308837890625
2020-12-21,164.5500030517578,1933.4801025390625,490.8999938964844,1351.0263671875,184.20919799804688,316.2093200683594,1142.4013671875
2020-12-22,164.9499969482422,1930.48974609375,500.29998779296875,1351.46923828125,184.61766052246094,320.6423645019531,1184.3206787109375
2020-12-23,169.1999969482422,1937.6168212890625,507.20001220703125,1353.9791259765625,188.5659637451172,322.27783203125,1215.9058837890625
2020-12-24,175.9499969482422,1987.755615234375,517.2999877929688,1375.0911865234375,189.3374786376953,324.9892883300781,1199.4097900390625
2020-12-28,186.35000610351562,1996.876220703125,521.5999755859375,1390.593017578125,190.15435791015625,329.46539306640625,1203.53369140625
2020-12-29,183.4499969482422,1983.668701171875,520.25,1404.717041015625,192.01507568359375,328.3894348144531,1213.2373046875
2020-12-30,184.14999389648438,1989.1011962890625,516.1500244140625,1409.93359375,191.65200805664062,329.5514831542969,1209.8411865234375
2020-12-31,183.85000610351562,1978.9339599609375,509.70001220703125,1413.6737060546875,189.70053100585938,328.04510498046875,1218.5743408203125
2021-01-01,186.5,1981.1268310546875,515.1500244140625,1402.6009521484375,194.10267639160156,328.7767639160156,1223.08642578125
2021-01-04,191.3000030517578,1984.466064453125,517.0999755859375,1393.6934814453125,193.69422912597656,340.3112487792969,1250.0625
2021-01-05,193.1999969482422,1959.79541015625,514.0,1404.224853515625,191.92430114746094,337.4276123046875,1255.44775390625
2021-01-06,195.39999389648438,1908.1116943359375,525.2999877929688,1398.171875,186.43296813964844,333.3819580078125,1244.0946044921875
2021-01-07,196.75,1905.021728515625,545.25,1393.9395751953125,184.07305908203125,337.59979248046875,1224.736083984375
2021-01-08,198.14999389648438,1927.499267578125,540.25,1409.096923828125,182.8931121826172,344.4430847167969,1273.2054443359375
2021-01-11,220.64999389648438,1891.166259765625,547.1500244140625,1428.5848388671875,183.80075073242188,345.8203125,1335.4051513671875
2021-01-12,237.8000030517578,1950.7745361328125,565.75,1457.66943359375,187.38601684570312,346.5089111328125,1331.087158203125
2021-01-13,242.60000610351562,1932.5831298828125,578.25,1447.4825439453125,191.74276733398438,354.5572204589844,1346.0306396484375
2021-01-14,245.10000610351562,1954.3131103515625,580.5499877929688,1445.612548828125,194.37498474121094,367.296875,1329.8741455078125
2021-01-15,260.29998779296875,1931.2373046875,602.6500244140625,1443.5455322265625,197.73330688476562,356.8813781738281,1305.08154296875
2021-01-18,245.9499969482422,1977.5882568359375,586.9500122070312,1459.736328125,199.45785522460938,352.534423828125,1273.1568603515625
2021-01-19,258.6499938964844,2009.9342041015625,592.2999877929688,1480.1595458984375,198.6409912109375,355.8914794921875,1277.62060546875
2021-01-20,274.8999938964844,2048.111328125,596.1500244140625,1468.4962158203125,197.55177307128906,356.2358093261719,1299.7445068359375
2021-01-21,290.6000061035156,2092.66796875,581.3499755859375,1451.5672607421875,193.96652221679688,351.4584045410156,1299.9871826171875
2021-01-22,289.3500061035156,2043.02783203125,576.8499755859375,1420.8094482421875,191.24356079101562,340.9138488769531,1301.1031494140625
2021-01-25,279.1499938964844,1934.7760009765625,580.75,1439.805419921875,188.61134338378906,333.3819580078125,1285.8199462890625
2021-01-27,267.5,1888.9234619140625,570.7999877929688,1387.394287109375,191.1981658935547,327.61468505859375,1262.4344482421875
2021-01-28,266.79998779296875,1870.53271484375,570.9000244140625,1349.84521484375,187.5221710205078,330.7995910644531,1238.3695068359375
2021-01-29,262.70001220703125,1836.0435791015625,553.5999755859375,1368.5950927734375,184.48150634765625,330.19708251953125,1202.32080078125
2021-02-01,279.6000061035156,1889.2225341796875,579.1500244140625,1453.4864501953125,196.00875854492188,338.2884521484375,1223.523193359375
2021-02-02,322.0,1919.624755859375,599.3499755859375,1535.96630859375,198.05099487304688,351.2001647949219,1233.5662841796875
2021-02-03,331.0,1924.459228515625,608.8499755859375,1549.991943359375,196.73487854003906,357.1396179199219,1246.5692138671875
2021-02-04,326.1499938964844,1918.1295166015625,600.5999755859375,1554.22412109375,208.71595764160156,360.281494140625,1241.4261474609375
2021-02-05,315.8999938964844,1917.581298828125,581.0999755859375,1572.4326171875,212.70968627929688,357.2257080078125,1234.3909912109375
2021-02-08,335.95001220703125,1945.1923828125,597.2999877929688,1579.962158203125,211.57510375976562,361.5726623535156,1264.908935546875
2021-02-09,325.04998779296875,1949.87744140625,598.9500122070312,1586.4581298828125,207.8536834716797,360.9701232910156,1266.849609375
2021-02-10,328.8999938964844,1967.96923828125,590.2000122070312,1556.832275390625,206.53759765625,357.9143371582031,1258.0677490234375
2021-02-11,325.0,2049.108154296875,598.0999755859375,1547.580322265625,205.53916931152344,363.2081604003906,1254.3319091796875
2021-02-12,325.3999938964844,2035.0533447265625,586.25,1557.029052734375,197.3702392578125,359.8941345214844,1270.9735107421875
2021-02-15,333.3500061035156,2026.082275390625,593.7000122070312,1591.13330078125,198.4140625,360.6688232421875,1270.8280029296875
2021-02-16,329.20001220703125,2052.89599609375,593.9500122070312,1601.025146484375,198.0963592529297,359.7650146484375,1252.148681640625
2021-02-17,330.1499938964844,2076.56982421875,593.8499755859375,1561.507568359375,197.64254760742188,368.49176025390625,1243.3184814453125
2021-02-18,323.8500061035156,2061.069580078125,589.0499877929688,1529.8148193359375,198.6409912109375,386.8402404785156,1254.1378173828125
2021-02-19,311.8500061035156,2073.62939453125,581.3499755859375,1514.854248046875,196.00875854492188,384.87115478515625,1253.02197265625
2021-02-22,304.5,2001.6607666015625,570.2999877929688,1523.614013671875,192.38499450683594,378.2030334472656,1227.6956787109375
2021-02-23,324.0,2016.9615478515625,565.5499877929688,1505.06103515625,193.73228454589844,389.5701599121094,1228.8115234375
2021-02-24,321.6499938964844,2054.39111328125,572.9500122070312,1581.143310546875,194.05751037597656,392.6580810546875,1236.5260009765625
2021-02-25,333.1499938964844,2137.47412109375,579.1500244140625,1581.093994140625,194.33624267578125,413.1099548339844,1236.7685546875
2021-02-26,322.95001220703125,2079.11181640625,556.2999877929688,1510.228271484375,189.41163635253906,402.63787841796875,1216.1484375
2021-03-01,328.29998779296875,2094.960693359375,532.2000122070312,1534.3424072265625,192.24560546875,407.4710998535156,1229.4422607421875
2021-03-02,345.75,2099.246826171875,541.2000122070312,1543.4957275390625,195.03311157226562,419.7780456542969,1265.830810546875
2021-03-03,348.5,2195.038818359375,546.2999877929688,1561.8519287109375,195.07958984375,417.40618896484375,1303.7230224609375
2021-03-04,339.20001220703125,2168.873046875,539.5999755859375,1527.600341796875,194.8472900390625,415.21331787109375,1290.914306640625
2021-03-05,325.1499938964844,2171.713623046875,532.7999877929688,1505.8975830078125,193.77874755859375,413.3337097167969,1277.6689453125
2021-03-08,321.25,2184.073974609375,525.7000122070312,1495.56298828125,193.2677001953125,417.719482421875,1296.1544189453125
2021-03-09,315.20001220703125,2184.024169921875,521.75,1537.8856201171875,193.0818634033203,399.1024169921875,1305.6639404296875
2021-03-10,321.45001220703125,2174.953369140625,525.8499755859375,1531.241943359375,191.87393188476562,398.7444152832031,1327.5938720703125
2021-03-12,317.54998779296875,2130.74560546875,524.2000122070312,1527.501708984375,190.666015625,409.5297546386719,1334.09521484375
2021-03-15,318.54998779296875,2102.137451171875,522.8499755859375,1504.56884765625,190.8983154296875,412.2148742675781,1332.8822021484375
2021-03-16,319.95001220703125,2093.8642578125,529.2999877929688,1488.3287353515625,193.12832641601562,406.21807861328125,1342.97412109375
2021-03-17,305.79998779296875,2048.75927734375,522.9000244140625,1471.79345703125,195.6835479736328,386.70599365234375,1345.885009765625
2021-03-18,307.0,2002.6575927734375,527.2000122070312,1467.511962890625,202.23419189453125,382.0964660644531,1297.46435546875
2021-03-19,308.95001220703125,2075.32373046875,529.9500122070312,1473.9095458984375,207.15882873535156,387.51153564453125,1304.5963134765625
2021-03-22,303.04998779296875,2055.78662109375,528.0,1446.0062255859375,209.99278259277344,393.2398681640625,1330.165283203125
2021-03-23,307.3999938964844,2080.80615234375,529.25,1476.517822265625,206.46192932128906,390.6889953613281,1330.8931884765625
2021-03-24,294.45001220703125,2040.735107421875,523.6500244140625,1455.504150390625,200.6546173095703,384.8263854980469,1313.62060546875
2021-03-25,285.54998779296875,1985.0640869140625,507.75,1440.2974853515625,196.6127166748047,379.3929443359375,1294.26220703125
2021-03-26,296.3999938964844,1988.25390625,522.5,1467.8072509765625,195.96229553222656,384.1472473144531,1296.5909423828125
2021-03-30,297.04998779296875,2022.7928466796875,521.5,1529.22412109375,199.35377502441406,390.1240234375,1344.2354736328125
2021-03-31,301.79998779296875,1996.6767578125,517.2999877929688,1470.1202392578125,203.0240020751953,387.54315185546875,1327.4969482421875
2021-04-01,307.75,2015.36669921875,520.7999877929688,1463.3289794921875,204.46421813964844,396.1008605957031,1344.138427734375
2021-04-05,305.04998779296875,1986.21044921875,528.25,1426.76416015625,197.4954376220703,387.6336669921875,1368.1063232421875
2021-04-06,307.75,1977.9371337890625,532.2000122070312,1417.5614013671875,197.5883331298828,387.6789855957031,1369.2222900390625
2021-04-07,307.79998779296875,1996.4276123046875,541.5999755859375,1424.4019775390625,198.6569061279297,387.76953125,1387.804443359375
2021-04-08,313.95001220703125,1998.9195556640625,543.0,1410.228759765625,198.14584350585938,389.89764404296875,1397.1683349609375
2021-04-09,318.20001220703125,1975.6943359375,545.25,1399.3529052734375,198.00648498535156,385.4150390625,1398.3328857421875
2021-04-12,286.54998779296875,1905.021728515625,522.4500122070312,1345.5146484375,190.75894165039062,365.8092346191406,1383.4864501953125
2021-04-13,302.8500061035156,1925.60546875,536.1500244140625,1378.2900390625,193.91812133789062,370.74462890625,1355.7342529296875
2021-04-15,303.5,1938.0654296875,539.3499755859375,1407.5714111328125,192.0597686767578,366.6242370605469,1320.4132080078125
2021-04-16,310.0,1925.904541015625,540.75,1406.1441650390625,193.2212371826172,374.7291564941406,1313.62060546875
2021-04-19,301.3999938964844,1895.6019287109375,526.4500122070312,1390.150146484375,191.03770446777344,370.156005859375,1322.1600341796875
2021-04-20,298.04998779296875,1895.0538330078125,530.2000122070312,1369.48095703125,189.1328887939453,369.5673522949219,1311.291748046875
2021-04-22,294.54998779296875,1900.2869873046875,530.8499755859375,1400.091064453125,191.31643676757812,378.8495788574219,1311.04931640625
2021-04-23,294.0,1898.243408203125,522.5999755859375,1391.87255859375,190.80540466308594,383.1058044433594,1294.26220703125
2021-04-26,295.3999938964844,1931.635986328125,527.5499877929688,1382.669921875,190.75894165039062,379.3476257324219,1303.7230224609375
2021-04-27,301.5,1982.273193359375,534.2999877929688,1416.0357666015625,190.85183715820312,380.6607360839844,1308.5263671875
2021-04-28,305.8999938964844,1990.8955078125,544.2999877929688,1453.5357666015625,190.9447784423828,378.0798034667969,1315.8040771484375
2021-04-29,301.8999938964844,2017.5596923828125,540.8499755859375,1449.303466796875,189.8297576904297,379.93621826171875,1316.1436767578125
2021-04-30,293.8500061035156,1988.1043701171875,536.75,1390.0518798828125,188.25018310546875,381.9738464355469,1314.2030029296875
2021-05-03,293.0,1952.7681884765625,558.8499755859375,1392.1678466796875,186.717041015625,376.7214660644531,1311.97119140625
2021-05-04,289.45001220703125,1910.4542236328125,552.4500122070312,1366.47900390625,185.46266174316406,381.6568908691406,1289.9925537109375
2021-05-05,291.5,1913.9429931640625,559.9500122070312,1380.5045166015625,187.13516235351562,384.6905822753906,1301.73388671875
2021-05-06,301.25,1924.8079833984375,558.75,1378.831298828125,188.38954162597656,393.02191162109375,1321.238037109375
2021-05-07,302.75,1925.5556640625,568.5,1392.463134765625,190.80540466308594,401.3079528808594,1312.456298828125
2021-05-10,314.8500061035156,1920.0234375,572.5499877929688,1397.4827880859375,190.99124145507812,410.8618469238281,1299.8416748046875
2021-05-11,315.54998779296875,1926.951171875,568.4000244140625,1381.4395751953125,189.55101013183594,418.60455322265625,1291.20556640625
2021-05-12,326.0,1907.0152587890625,561.75,1377.453369140625,188.85414123535156,406.8320007324219,1287.6636962890625
2021-05-14,312.25,1931.087890625,560.4000244140625,1365.002685546875,197.21669006347656,400.492919921875,1277.3779296875
2021-05-17,321.1000061035156,1954.0638427734375,549.6500244140625,1417.5614013671875,197.54188537597656,401.7607421875,1289.9925537109375
2021-05-18,332.45001220703125,1981.5753173828125,536.3499755859375,1453.4371337890625,195.17250061035156,406.1075439453125,1300.2783203125
2021-05-19,314.45001220703125,1990.646240234375,528.2000122070312,1435.2286376953125,193.03541564941406,404.2964172363281,1297.3673095703125
2021-05-20,307.70001220703125,1979.0335693359375,520.6500244140625,1410.228759765625,192.33853149414062,411.85797119140625,1299.59912109375
2021-05-21,313.1000061035156,1996.128662109375,530.9500122070312,1473.712646484375,194.2433319091797,417.5178527832031,1314.3485107421875
2021-05-24,311.8500061035156,1979.2828369140625,526.7999877929688,1486.163330078125,196.51980590820312,428.2037353515625,1308.0897216796875
2021-05-25,315.25,1956.85498046875,526.0999755859375,1455.6517333984375,195.96229553222656,429.60736083984375,1321.238037109375
2021-05-26,315.5,1963.73291015625,525.75,1453.78173828125,195.6835479736328,427.6151123046875,1355.8311767578125
2021-05-27,318.6000061035156,1969.763427734375,519.7999877929688,1459.2935791015625,196.194580078125,423.67578125,1360.6829833984375
2021-05-28,318.75,2088.082763671875,523.5999755859375,1479.7657470703125,197.8206329345703,426.9811706542969,1363.400146484375
2021-05-31,318.75,2153.372802734375,534.9000244140625,1491.970458984375,201.25857543945312,427.4339599609375,1367.0291748046875
2021-06-01,318.1000061035156,2161.945068359375,532.9000244140625,1487.8858642578125,200.00418090820312,426.3925476074219,1360.6046142578125
2021-06-02,323.0,2194.19140625,529.5,1480.3072509765625,194.19688415527344,429.833740234375,1352.2186279296875
2021-06-03,325.6499938964844,2202.564453125,532.0499877929688,1496.596435546875,194.2433319091797,429.154541015625,1363.0078125
2021-06-04,334.95001220703125,2183.475830078125,532.7000122070312,1477.30517578125,193.96456909179688,433.0938415527344,1359.08447265625
2021-06-07,345.5,2220.257568359375,536.4500122070312,1476.222412109375,196.4733428955078,435.9464111328125,1363.0078125
2021-06-08,352.75,2207.498779296875,546.7999877929688,1459.687255859375,198.51751708984375,441.4252014160156,1385.8609619140625
2021-06-09,343.3500061035156,2168.025634765625,540.0,1456.9805908203125,197.448974609375,439.25177001953125,1388.166015625
2021-06-10,344.75,2176.0,545.1500244140625,1457.71875,199.88426208496094,437.8934326171875,1396.993408203125
2021-06-11,350.75,2213.14990234375,540.8499755859375,1462.9351806640625,198.5472412109375,437.938720703125,1419.16015625
2021-06-14,355.95001220703125,2244.89990234375,539.3499755859375,1456.143798828125,197.97422790527344,438.0292663574219,1433.7745361328125
2021-06-15,352.70001220703125,2250.0,542.5,1466.773681640625,197.73548889160156,436.3992004394531,1445.642578125
2021-06-16,349.3500061035156,2211.60009765625,536.75,1461.2127685546875,198.49949645996094,435.8105773925781,1452.214111328125
2021-06-17,345.6499938964844,2215.64990234375,528.6500244140625,1443.004150390625,196.39845275878906,431.87127685546875,1466.63232421875
2021-06-18,337.3999938964844,2225.64990234375,538.75,1456.4884033203125,195.34796142578125,427.7509460449219,1474.4788818359375
2021-06-21,334.29998779296875,2237.25,539.5999755859375,1465.2481689453125,195.25244140625,430.19598388671875,1471.536376953125
2021-06-22,337.8999938964844,2225.75,536.4000244140625,1460.425537109375,195.8732147216797,428.92816162109375,1482.8648681640625
2021-06-23,335.25,2205.35009765625,534.0499877929688,1462.0986328125,194.77493286132812,425.2605895996094,1474.331787109375
2021-06-24,334.6499938964844,2153.5,528.75,1482.521728515625,194.10643005371094,422.0910339355469,1529.3070068359375
2021-06-25,339.6499938964844,2104.449951171875,535.0999755859375,1491.2322998046875,195.82545471191406,425.6680908203125,1544.01953125
2021-06-28,342.79998779296875,2086.0,531.2000122070312,1484.588623046875,194.44068908691406,423.0419006347656,1541.6656494140625
2021-06-29,341.54998779296875,2087.800048828125,524.9500122070312,1484.786376953125,194.1541748046875,422.22686767578125,1533.0833740234375
2021-06-30,339.6000061035156,2110.64990234375,525.6500244140625,1480.68408203125,193.58116149902344,423.9021911621094,1550.4930419921875
2021-07-01,344.25,2097.949951171875,522.6500244140625,1469.6622314453125,193.86767578125,419.0573425292969,1530.484130859375
2021-07-02,344.8999938964844,2129.050048828125,525.0,1463.38525390625,193.29466247558594,419.0573425292969,1537.7423095703125
2021-07-05,346.1000061035156,2150.199951171875,523.9500122070312,1478.26220703125,194.48843383789062,416.2953186035156,1548.678466796875
2021-07-06,316.8999938964844,2124.800048828125,526.0999755859375,1517.06103515625,193.39016723632812,414.8011169433594,1532.2496337890625
2021-07-07,317.1000061035156,2110.050048828125,529.5999755859375,1521.805908203125,194.5839385986328,417.0198059082031,1534.6036376953125
2021-07-08,306.3500061035156,2092.60009765625,525.2999877929688,1502.974853515625,192.91265869140625,414.9369812011719,1530.827392578125
2021-07-09,306.29998779296875,2071.199951171875,536.25,1484.7369384765625,192.2919158935547,413.7596740722656,1532.9361572265625
2021-07-12,307.45001220703125,2084.10009765625,529.6500244140625,1469.9093017578125,192.05316162109375,408.416748046875,1518.1746826171875
2021-07-13,310.95001220703125,2099.699951171875,530.0499877929688,1484.588623046875,192.7694091796875,407.73760986328125,1515.330322265625
2021-07-14,309.54998779296875,2086.0,530.0499877929688,1481.919677734375,194.91819763183594,406.3339538574219,1546.6678466796875
2021-07-15,310.25,2082.35009765625,525.4500122070312,1503.221923828125,196.97146606445312,404.8397216796875,1550.4930419921875
2021-07-16,311.25,2112.39990234375,541.1500244140625,1504.85302734375,198.5472412109375,405.70001220703125,1525.62890625
2021-07-19,308.8500061035156,2098.949951171875,538.4500122070312,1454.09326171875,198.40399169921875,411.0429382324219,1512.142578125
2021-07-20,302.1499938964844,2093.800048828125,525.75,1426.5633544921875,197.49673461914062,410.9523620605469,1520.3326416015625
2021-07-22,302.54998779296875,2120.699951171875,546.7000122070312,1432.0494384765625,197.68772888183594,417.38201904296875,1559.7127685546875
2021-07-23,295.54998779296875,2105.699951171875,548.2999877929688,1426.16796875,202.8448028564453,417.78955078125,1559.9580078125
2021-07-26,293.1499938964844,2076.85009765625,544.0499877929688,1418.062255859375,201.65101623535156,412.9446716308594,1573.150146484375
2021-07-27,291.3999938964844,2055.0,540.5499877929688,1423.202392578125,199.26348876953125,410.4996032714844,1571.8260498046875
2021-07-28,284.45001220703125,2037.3499755859375,567.9000244140625,1401.010498046875,199.69326782226562,410.63543701171875,1574.8175048828125
2021-07-29,292.8999938964844,2053.25,567.1500244140625,1401.949462890625,196.7804718017578,406.6961669921875,1585.9990234375
2021-07-30,293.95001220703125,2035.300048828125,561.6500244140625,1410.05517578125,195.72994995117188,403.43609619140625,1579.6236572265625
2021-08-02,296.8500061035156,2072.5,565.1500244140625,1406.2989501953125,197.97422790527344,414.5747375488281,1600.2701416015625
2021-08-03,303.70001220703125,2087.75,580.2000122070312,1418.21044921875,200.45726013183594,419.6459655761719,1623.466552734375
2021-08-04,298.1499938964844,2103.75,574.4000244140625,1448.458740234375,199.21575927734375,413.986083984375,1617.6307373046875
2021-08-05,299.70001220703125,2134.25,598.7000122070312,1467.7840576171875,205.56658935546875,410.6806945800781,1621.848388671875
2021-08-06,300.04998779296875,2089.050048828125,607.9000244140625,1475.494384765625,204.611572265625,412.58245849609375,1618.5625
2021-08-09,298.1000061035156,2077.14990234375,599.25,1486.6151123046875,204.18182373046875,409.775146484375,1631.411376953125
2021-08-10,294.20001220703125,2088.050048828125,622.2000122070312,1490.322021484375,200.40951538085938,402.7116394042969,1645.0938720703125
2021-08-11,295.45001220703125,2117.300048828125,620.8499755859375,1477.7679443359375,199.26348876953125,407.5111999511719,1645.38818359375
2021-08-12,306.0,2110.5,623.1500244140625,1484.143798828125,199.5022430419922,405.8358459472656,1657.2071533203125
2021-08-13,307.25,2145.64990234375,637.0499877929688,1508.65869140625,201.93753051757812,411.9485168457031,1679.373779296875
2021-08-16,303.70001220703125,2173.5,634.0499877929688,1513.0081787109375,201.4122772216797,420.1893310546875,1671.723388671875
2021-08-17,297.70001220703125,2164.25,626.3499755859375,1497.2415771484375,199.78875732421875,421.0948791503906,1708.25927734375
2021-08-18,293.3500061035156,2172.64990234375,622.9500122070312,1495.6104736328125,199.5500030517578,419.7365417480469,1700.2164306640625
2021-08-20,283.1000061035156,2148.25,613.7000122070312,1497.3404541015625,199.5022430419922,412.22021484375,1699.7259521484375
2021-08-23,276.95001220703125,2162.35009765625,622.6500244140625,1507.0771484375,197.01922607421875,409.0506896972656,1705.4149169921875
2021-08-24,279.79998779296875,2183.699951171875,620.0999755859375,1540.9334716796875,196.49395751953125,413.306884765625,1687.8580322265625
2021-08-25,284.3999938964844,2202.60009765625,612.4500122070312,1539.500244140625,197.11471557617188,417.200927734375,1702.2762451171875
2021-08-26,284.29998779296875,2230.449951171875,586.9000244140625,1536.93017578125,195.3957061767578,422.6796569824219,1694.57666015625
2021-08-27,285.75,2227.39990234375,595.1500244140625,1530.653076171875,196.63720703125,426.800048828125,1676.0390625
2021-08-30,291.95001220703125,2270.25,620.4500122070312,1550.2254638671875,198.6427459716797,427.9320373535156,1665.4951171875
2021-08-31,287.29998779296875,2258.14990234375,664.0499877929688,1563.224365234375,201.79428100585938,427.11700439453125,1673.7340087890625
2021-09-01,295.25,2267.10009765625,666.4000244140625,1560.9508056640625,200.0752716064453,431.96185302734375,1645.584228515625
2021-09-02,293.1499938964844,2294.39990234375,666.5,1570.737060546875,200.3140106201172,434.4974670410156,1656.7166748046875
2021-09-03,295.54998779296875,2388.5,658.4500122070312,1557.9359130859375,201.12579345703125,444.9116516113281,1668.0452880859375
2021-09-06,297.45001220703125,2425.60009765625,654.5999755859375,1547.7047119140625,199.88426208496094,444.4588317871094,1697.224853515625
2021-09-07,294.6000061035156,2440.89990234375,670.5499877929688,1551.2139892578125,202.2240447998047,436.4444885253906,1673.9302978515625
2021-09-08,295.25,2431.35009765625,667.8499755859375,1558.2818603515625,201.7465362548828,443.326904296875,1660.787109375
2021-09-09,298.95001220703125,2425.60009765625,686.1500244140625,1550.5714111328125,203.0835418701172,444.77581787109375,1659.1688232421875
2021-09-13,301.20001220703125,2371.550048828125,693.2999877929688,1537.6715087890625,204.5160675048828,451.06964111328125,1659.4630126953125
2021-09-14,306.1000061035156,2368.449951171875,681.4066162109375,1530.751953125,206.3783416748047,446.5417175292969,1653.8233642578125
2021-09-15,311.95001220703125,2378.300048828125,712.1297607421875,1529.0220947265625,206.28285217285156,443.68914794921875,1678.63818359375
2021-09-16,311.6499938964844,2428.199951171875,705.35693359375,1542.0208740234375,220.36929321289062,428.18267822265625,1669.6146240234375
2021-09-17,308.6000061035156,2390.550048828125,714.7308959960938,1563.9658203125,220.7512969970703,425.4519958496094,1658.87451171875
2021-09-20,298.95001220703125,2394.35009765625,711.5899047851562,1541.9219970703125,223.2343292236328,409.9942932128906,1655.4906005859375
2021-09-21,301.95001220703125,2404.699951171875,713.258544921875,1534.11279296875,230.63568115234375,403.55767822265625,1685.50390625
2021-09-22,310.1000061035156,2430.5,713.3567504882812,1516.072509765625,232.5457000732422,409.75048828125,1683.9837646484375
2021-09-23,321.5,2489.89990234375,713.4058227539062,1551.9554443359375,231.5906982421875,409.5554504394531,1709.1419677734375
2021-09-24,317.95001220703125,2482.699951171875,725.7736206054688,1583.142822265625,227.72288513183594,404.53289794921875,1730.0335693359375
2021-09-27,331.6499938964844,2524.449951171875,722.5499877929688,1606.422119140625,227.96163940429688,410.18939208984375,1688.1522216796875
2021-09-28,329.29998779296875,2548.050048828125,696.1500244140625,1596.4876708984375,227.05438232421875,418.9665832519531,1654.7550048828125
2021-09-29,330.25,2527.85009765625,694.0999755859375,1575.53125,227.38864135742188,426.0859069824219,1659.8062744140625
2021-09-30,333.3500061035156,2519.25,688.2999877929688,1576.6185302734375,225.52635192871094,421.5022277832031,1643.0831298828125
2021-10-01,333.29998779296875,2523.699951171875,675.9000244140625,1564.5093994140625,224.76235961914062,422.3312072753906,1633.2259521484375
2021-10-04,342.0,2556.14990234375,681.4000244140625,1567.5244140625,225.9561309814453,425.0619201660156,1646.5650634765625
2021-10-05,344.95001220703125,2609.199951171875,699.25,1577.11279296875,224.14158630371094,432.8638610839844,1660.3458251953125
2021-10-06,336.04998779296875,2559.85009765625,691.4000244140625,1596.33935546875,220.8468017578125,436.1309814453125,1641.4649658203125
2021-10-07,376.5,2572.39990234375,692.5,1591.9898681640625,222.47030639648438,438.08148193359375,1658.580322265625
2021-10-08,382.95001220703125,2671.25,695.5,1584.2301025390625,221.27655029296875,438.3252868652344,1690.800537109375
2021-10-11,415.75,2652.64990234375,690.8499755859375,1615.022216796875,227.3408966064453,443.1527404785156,1658.5311279296875
2021-10-12,420.8500061035156,2667.800048828125,686.3499755859375,1610.870361328125,230.44468688964844,443.981689453125,1652.842529296875
2021-10-13,506.8999938964844,2694.949951171875,689.9000244140625,1620.5577392578125,237.98928833007812,447.29754638671875,1676.4312744140625
2021-10-14,497.6000061035156,2700.39990234375,685.7999877929688,1668.006103515625,245.0086212158203,447.93145751953125,1682.8558349609375
2021-10-18,509.6000061035156,2707.60009765625,680.5999755859375,1651.1026611328125,250.73870849609375,451.05224609375,1757.7911376953125
2021-10-19,481.8999938964844,2731.85009765625,681.0999755859375,1669.291015625,234.88548278808594,441.8361511230469,1787.2159423828125
2021-10-20,486.8999938964844,2700.39990234375,708.4500122070312,1654.61181640625,235.50625610351562,430.18194580078125,1767.7955322265625
2021-10-21,508.0,2622.5,696.0499877929688,1657.03369140625,233.6917266845703,439.8856506347656,1720.0291748046875
2021-10-22,490.8999938964844,2627.39990234375,694.5,1661.4324951171875,225.9561309814453,436.1797180175781,1686.828125
2021-10-25,479.8999938964844,2601.800048828125,691.0999755859375,1637.9554443359375,222.90008544921875,421.0146179199219,1674.8131103515625
2021-10-26,508.6499938964844,2661.050048828125,696.2000122070312,1633.7542724609375,226.05162048339844,420.38067626953125,1685.8460693359375
2021-10-27,497.8999938964844,2627.39990234375,702.3499755859375,1623.918701171875,227.72288513183594,417.1136169433594,1710.83154296875
2021-10-28,481.04998779296875,2598.60009765625,689.75,1575.2840576171875,214.9734649658203,410.3843994140625,1686.0440673828125
2021-10-29,483.70001220703125,2536.25,685.3499755859375,1564.65771484375,213.158935546875,407.36114501953125,1650.27294921875
2021-11-01,485.70001220703125,2537.800048828125,712.5,1586.8497314453125,216.64474487304688,411.21337890625,1682.2344970703125
2021-11-02,487.8500061035156,2500.800048828125,713.9500122070312,1588.282958984375,215.4509735107422,405.8494873046875,1680.10693359375
2021-11-03,484.8999938964844,2483.60009765625,699.0999755859375,1563.273681640625,212.44268798828125,404.63043212890625,1684.65869140625
2021-11-04,489.70001220703125,2498.85009765625,701.0999755859375,1575.630126953125,216.3582305908203,409.3603820800781,1690.793701171875
2021-11-08,501.3999938964844,2501.949951171875,709.0,1581.857666015625,219.4620361328125,421.0633544921875,1719.2919921875
2021-11-09,509.6499938964844,2521.699951171875,713.2000122070312,1554.1795654296875,218.4592742919922,419.84429931640625,1724.239501953125
2021-11-10,510.75,2549.89990234375,735.4500122070312,1537.3748779296875,220.4647979736328,420.57574462890625,1721.9141845703125
2021-11-11,503.45001220703125,2554.550048828125,728.5999755859375,1530.5048828125,219.6530303955078,419.63836669921875,1715.135986328125
2021-11-12,507.04998779296875,2593.10009765625,743.5,1535.1507568359375,222.42257690429688,422.0064392089844,1761.54443359375
2021-11-15,505.45001220703125,2577.800048828125,737.5499877929688,1539.3519287109375,227.38864135742188,420.6744079589844,1768.421630859375
2021-11-16,519.0499877929688,2517.89990234375,730.2999877929688,1530.208251953125,224.85784912109375,414.3102722167969,1773.5177001953125
2021-11-17,530.1500244140625,2464.0,720.0499877929688,1513.2059326171875,228.72564697265625,408.2914733886719,1768.718505859375
2021-11-18,509.70001220703125,2473.300048828125,714.3499755859375,1521.7071533203125,226.8156280517578,399.9046325683594,1760.7529296875
2021-11-22,486.1000061035156,2363.75,742.0999755859375,1497.9334716796875,220.51254272460938,390.3337707519531,1740.9625244140625
2021-11-23,495.5,2385.85009765625,758.9000244140625,1498.1312255859375,221.18106079101562,392.30712890625,1718.6982421875
2021-11-24,488.6499938964844,2351.39990234375,758.9000244140625,1500.6025390625,217.4564971923828,397.9805908203125,1678.226806640625
2021-11-25,492.75,2492.949951171875,765.1500244140625,1508.41162109375,220.89456176757812,394.77386474609375,1704.3502197265625
2021-11-26,460.20001220703125,2412.60009765625,738.75,1472.7760009765625,213.92294311523438,371.8333740234375,1673.9224853515625
2021-11-29,461.45001220703125,2441.5,739.3499755859375,1483.99560546875,211.53543090820312,362.5585021972656,1678.5731201171875
2021-11-30,458.6000061035156,2405.39990234375,728.25,1476.3841552734375,211.20115661621094,365.0745544433594,1694.702392578125
2021-12-01,475.25,2467.0,722.25,1487.3564453125,211.91741943359375,363.8411865234375,1696.9288330078125
2021-12-02,479.1000061035156,2482.85009765625,732.5499877929688,1508.2139892578125,215.30772399902344,373.8067321777344,1729.9293212890625
2021-12-03,480.1000061035156,2408.25,718.3499755859375,1496.1541748046875,211.6786651611328,380.76287841796875,1717.3624267578125
2021-12-06,467.20001220703125,2362.60009765625,697.5999755859375,1486.5162353515625,208.0973663330078,378.34552001953125,1677.5341796875
2021-12-07,481.79998779296875,2381.85009765625,698.8499755859375,1508.16455078125,210.72364807128906,382.6375732421875,1693.712890625
2021-12-08,493.8999938964844,2418.10009765625,715.1500244140625,1535.941650390625,214.83021545410156,385.9429931640625,1734.975830078125
2021-12-09,493.95001220703125,2456.449951171875,713.9500122070312,1509.30126953125,224.8101043701172,388.5083923339844,1744.969970703125
2021-12-10,494.45001220703125,2458.949951171875,710.7000122070312,1505.05078125,225.47862243652344,391.6658020019531,1740.8140869140625
2021-12-13,495.3500061035156,2409.64990234375,703.0999755859375,1493.78173828125,224.0460968017578,387.12701416015625,1726.3670654296875
2021-12-14,489.3999938964844,2380.14990234375,691.5999755859375,1485.1817626953125,218.31600952148438,386.43634033203125,1733.7884521484375
2021-12-15,491.6499938964844,2373.199951171875,685.4500122070312,1482.7598876953125,213.970703125,379.1841735839844,1716.0264892578125
2021-12-16,491.95001220703125,2403.89990234375,681.4000244140625,1482.8587646484375,212.8724365234375,385.84429931640625,1753.0345458984375
2021-12-17,470.20001220703125,2340.449951171875,666.0499877929688,1456.1197509765625,208.14512634277344,379.578857421875,1801.7684326171875
2021-12-20,447.04998779296875,2277.35009765625,658.25,1409.2645263671875,202.8448028564453,355.2076721191406,1780.048583984375
2021-12-21,453.6000061035156,2311.25,667.0,1425.2288818359375,202.9403076171875,359.3517761230469,1792.6153564453125
2021-12-22,470.5,2366.10009765625,684.75,1428.5897216796875,202.46279907226562,367.491943359375,1805.578125
2021-12-23,472.3500061035156,2365.25,678.75,1427.5023193359375,207.5243682861328,372.32672119140625,1838.13330078125
2021-12-24,467.6000061035156,2372.800048828125,677.0499877929688,1422.3621826171875,208.19288635253906,367.1959228515625,1843.9715576171875
2021-12-27,471.1499938964844,2370.25,675.75,1434.12548828125,207.7631072998047,369.41595458984375,1846.59375
2021-12-28,480.20001220703125,2398.39990234375,680.0499877929688,1444.010498046875,210.15065002441406,375.3360900878906,1868.21484375
2021-12-29,476.0,2402.5,676.8499755859375,1437.1402587890625,206.9990997314453,376.02679443359375,1865.79052734375
2021-12-30,470.3999938964844,2359.10009765625,679.3499755859375,1444.702392578125,206.28285217285156,372.9187316894531,1873.013916015625
2021-12-31,482.3999938964844,2368.14990234375,683.7999877929688,1462.396728515625,208.24061584472656,380.3188781738281,1867.9674072265625
2022-01-03,497.6000061035156,2403.85009765625,691.2999877929688,1502.18408203125,209.24339294433594,380.9602355957031,1878.5552978515625
2022-01-04,489.6000061035156,2458.10009765625,697.4500122070312,1510.9818115234375,210.34165954589844,380.8122253417969,1879.2479248046875
2022-01-05,489.75,2469.60009765625,700.0,1546.864501953125,210.62815856933594,389.44573974609375,1825.319091796875
2022-01-06,488.8500061035156,2416.5,710.4000244140625,1522.0531005859375,208.8613739013672,390.53106689453125,1798.75048828125
2022-01-07,490.6000061035156,2436.0,704.7000122070312,1532.72900390625,208.5748748779297,390.92578125,1795.2872314453125
2022-01-10,503.70001220703125,2438.0,704.9500122070312,1541.2301025390625,213.25445556640625,392.2577819824219,1831.3551025390625
2022-01-11,501.29998779296875,2455.550048828125,703.4500122070312,1547.902587890625,211.96517944335938,385.9429931640625,1836.154296875
2022-01-12,507.25,2521.10009765625,730.2000122070312,1538.7587890625,212.72918701171875,383.525634765625,1857.7752685546875
2022-01-13,511.95001220703125,2535.300048828125,731.7999877929688,1510.4381103515625,213.8751983642578,389.2484130859375,1876.922607421875
2022-01-14,509.8999938964844,2539.0,720.5999755859375,1527.3909912109375,212.5859375,393.1458435058594,1909.1314697265625
2022-01-17,525.0,2552.25,728.5999755859375,1504.0128173828125,214.49595642089844,395.21783447265625,1919.175048828125
2022-01-18,510.79998779296875,2521.800048828125,714.3499755859375,1511.6737060546875,210.81915283203125,392.80047607421875,1900.62158203125
2022-01-19,520.8499755859375,2521.60009765625,703.7000122070312,1500.997802734375,210.43716430664062,389.10040283203125,1847.484375
2022-01-20,515.7000122070312,2477.449951171875,715.4000244140625,1491.656494140625,208.9091339111328,387.81768798828125,1804.588623046875
2022-01-21,501.8500061035156,2477.85009765625,695.25,1504.1116943359375,207.28562927246094,376.6188049316406,1766.98681640625
2022-01-24,478.45001220703125,2377.89990234375,689.9000244140625,1469.5633544921875,202.27178955078125,368.1332702636719,1718.599365234375
2022-01-25,490.54998779296875,2373.25,711.8499755859375,1470.947265625,204.65933227539062,377.45745849609375,1704.102783203125
2022-01-27,494.3999938964844,2338.10009765625,707.25,1457.997802734375,204.94583129882812,377.1121520996094,1661.0091552734375
2022-01-28,497.29998779296875,2335.85009765625,715.7999877929688,1446.4322509765625,207.8108673095703,377.40814208984375,1668.529541015625
2022-01-31,517.75,2386.60009765625,729.2999877929688,1468.624267578125,210.2938995361328,391.7644348144531,1718.0054931640625
2022-02-01,504.29998779296875,2378.699951171875,723.0499877929688,1479.79443359375,217.50425720214844,373.8067321777344,1753.47998046875
2022-02-02,506.3999938964844,2383.550048828125,725.0499877929688,1513.601318359375,221.706298828125,377.01348876953125,1768.3721923828125
2022-02-03,504.5,2352.75,721.6500244140625,1497.9334716796875,223.90283203125,372.0306701660156,1720.3310546875
2022-02-04,500.6000061035156,2331.300048828125,720.2000122070312,1506.484130859375,223.7595977783203,370.6493225097656,1722.854248046875
2022-02-07,494.6000061035156,2317.10009765625,706.5,1451.2760009765625,219.84402465820312,367.491943359375,1697.0277099609375
2022-02-08,492.75,2356.050048828125,708.9000244140625,1445.04833984375,220.8468017578125,372.37603759765625,1699.3037109375
2022-02-09,501.25,2383.5,719.3499755859375,1480.387451171875,219.79627990722656,370.6000061035156,1719.0941162109375
2022-02-10,507.45001220703125,2381.050048828125,724.0499877929688,1507.5714111328125,221.80181884765625,369.6499938964844,1751.0555419921875
2022-02-11,498.8500061035156,2376.39990234375,715.1500244140625,1501.3931884765625,221.9927978515625,369.54998779296875,1703.3111572265625
2022-02-14,471.45001220703125,2338.550048828125,689.7000122070312,1456.76220703125,214.42044067382812,361.70001220703125,1664.5714111328125
2022-02-15,504.0,2417.949951171875,711.5499877929688,1500.3553466796875,217.8890838623047,368.8999938964844,1720.0340576171875
2022-02-16,498.45001220703125,2412.949951171875,721.7999877929688,1498.328857421875,217.64480590820312,374.1000061035156,1715.135986328125
2022-02-17,499.95001220703125,2443.5,717.0,1489.1851806640625,217.54708862304688,373.0,1706.72509765625
2022-02-18,493.1499938964844,2424.39990234375,712.5499877929688,1494.9678955078125,216.8142852783203,373.1499938964844,1689.06201171875
2022-02-21,494.45001220703125,2399.89990234375,709.9500122070312,1504.6058349609375,213.00367736816406,368.75,1712.5631103515625
2022-02-22,478.25,2389.0,699.25,1493.3369140625,209.92587280273438,355.29998779296875,1716.1749267578125
2022-02-23,477.0,2374.050048828125,704.4000244140625,1483.649658203125,211.0006561279297,357.1000061035156,1724.5858154296875
2022-02-24,427.95001220703125,2255.75,670.9000244140625,1403.0863037109375,203.72140502929688,333.04998779296875,1660.56396484375
2022-02-25,459.75,2283.949951171875,688.6500244140625,1439.364501953125,209.04649353027344,336.3500061035156,1676.841552734375
2022-02-28,454.04998779296875,2359.550048828125,686.5,1409.8575439453125,210.9029541015625,349.79998779296875,1697.6214599609375
2022-03-02,447.6000061035156,2398.550048828125,674.25,1358.4552001953125,210.3655548095703,342.1000061035156,1684.9556884765625
2022-03-03,437.1000061035156,2378.300048828125,672.0499877929688,1355.2425537109375,214.37158203125,346.3999938964844,1702.81640625
2022-03-04,417.25,2325.550048828125,653.7000122070312,1350.7943115234375,220.33177185058594,348.3500061035156,1705.2408447265625
2022-03-07,394.0,2239.550048828125,675.4000244140625,1309.5736083984375,219.7943878173828,338.0,1721.6173095703125
2022-03-08,391.75,2235.5,683.0,1312.5391845703125,221.69969177246094,341.6000061035156,1759.5654296875
2022-03-09,405.8999938964844,2354.10009765625,691.5,1355.390869140625,223.99583435058594,342.6499938964844,1794.3470458984375
2022-03-10,419.6000061035156,2392.25,697.75,1376.693115234375,226.68280029296875,349.0,1806.765625
2022-03-11,418.1499938964844,2399.14990234375,694.8499755859375,1380.74609375,230.93312072753906,362.0,1802.906494140625
2022-03-14,411.70001220703125,2418.85009765625,700.4000244140625,1425.97021484375,233.52236938476562,359.6499938964844,1870.886474609375
2022-03-15,413.6499938964844,2363.449951171875,703.0999755859375,1407.6334228515625,232.39874267578125,350.29998779296875,1820.025146484375
2022-03-16,424.8999938964844,2403.35009765625,712.0,1431.505859375,237.0398712158203,356.29998779296875,1869.60009765625
2022-03-17,433.79998779296875,2481.699951171875,722.9000244140625,1463.039306640625,239.28713989257812,364.20001220703125,1835.164794921875
2022-03-21,427.95001220703125,2467.39990234375,708.2000122070312,1469.4150390625,238.8963165283203,357.20001220703125,1833.631103515625
2022-03-22,440.3500061035156,2531.14990234375,719.25,1476.9771728515625,244.0260009765625,368.3999938964844,1867.62109375
2022-03-23,435.79998779296875,2539.199951171875,704.9500122070312,1462.2484130859375,246.22442626953125,366.6000061035156,1852.7783203125
2022-03-24,433.20001220703125,2578.64990234375,706.3499755859375,1426.069091796875,249.0091094970703,362.6000061035156,1866.9283447265625
2022-03-25,432.1000061035156,2595.85009765625,709.3499755859375,1414.4541015625,247.54348754882812,360.29998779296875,1856.8848876953125
2022-03-28,432.70001220703125,2621.949951171875,733.0499877929688,1416.332275390625,251.15867614746094,359.70001220703125,1854.2625732421875
2022-03-29,433.70001220703125,2622.550048828125,754.9500122070312,1435.1138916015625,248.7648468017578,358.45001220703125,1866.2357177734375
2022-03-30,435.6499938964844,2672.949951171875,749.5,1459.974853515625,243.4886016845703,360.04998779296875,1883.99755859375
2022-03-31,433.75,2634.75,754.9500122070312,1453.45068359375,244.90536499023438,359.3500061035156,1886.8671875
2022-04-01,441.1499938964844,2655.85009765625,758.5,1488.69091796875,247.49462890625,374.3999938964844,1883.6019287109375
2022-04-04,446.75,2663.699951171875,767.7999877929688,1637.7578125,249.59535217285156,380.20001220703125,1863.2176513671875
2022-04-05,458.04998779296875,2626.050048828125,766.5999755859375,1589.7657470703125,253.50369262695312,380.0,1841.5966796875
2022-04-06,456.1499938964844,2619.050048828125,775.6500244140625,1533.0255126953125,253.65025329589844,385.79998779296875,1809.6846923828125
2022-04-07,449.5,2572.85009765625,762.4000244140625,1499.3173828125,250.76785278320312,380.79998779296875,1792.021728515625
2022-04-08,452.04998779296875,2615.64990234375,762.0999755859375,1497.2415771484375,261.66229248046875,384.54998779296875,1795.583984375
2022-04-11,452.04998779296875,2610.199951171875,758.0499877929688,1478.9542236328125,261.3691711425781,388.3500061035156,1748.03759765625
2022-04-12,438.29998779296875,2561.050048828125,741.6500244140625,1476.3345947265625,258.7310485839844,380.6000061035156,1724.1900634765625
2022-04-13,431.04998779296875,2551.64990234375,740.6500244140625,1448.1126708984375,263.3721923828125,379.0,1730.2261962890625
2022-04-18,433.79998779296875,2543.85009765625,729.5,1379.4114990234375,263.90960693359375,371.75,1604.40869140625
2022-04-19,424.95001220703125,2640.800048828125,723.5,1326.7735595703125,255.5555419921875,375.8500061035156,1545.631103515625
2022-04-20,440.54998779296875,2718.449951171875,739.3499755859375,1338.7344970703125,253.60137939453125,389.95001220703125,1571.061767578125
2022-04-21,448.04998779296875,2782.10009765625,735.75,1358.5540771484375,254.43190002441406,397.70001220703125,1601.8359375
2022-04-22,438.8500061035156,2758.800048828125,738.75,1340.01953125,255.11587524414062,393.3999938964844,1568.8353271484375
2022-04-25,425.1499938964844,2695.0,739.3499755859375,1350.0528564453125,249.3999481201172,369.70001220703125,1544.740478515625
2022-04-26,434.8999938964844,2775.64990234375,756.2999877929688,1356.280517578125,253.01515197753906,372.8500061035156,1564.4320068359375
2022-04-27,430.25,2778.35009765625,752.5,1356.7747802734375,251.59837341308594,366.5,1536.527587890625
2022-04-28,436.04998779296875,2819.85009765625,747.3499755859375,1355.5885009765625,255.11587524414062,369.3500061035156,1566.0152587890625
2022-04-29,437.6000061035156,2790.25,739.0,1368.686279296875,253.60137939453125,362.6000061035156,1551.123046875
2022-05-02,432.8500061035156,2780.449951171875,741.3499755859375,1387.566650390625,257.1188659667969,366.45001220703125,1524.8511962890625
2022-05-04,423.5,2693.64990234375,722.4000244140625,1340.4149169921875,253.7967987060547,363.45001220703125,1519.4583740234375
2022-05-05,426.29998779296875,2640.89990234375,718.9500122070312,1337.4000244140625,256.0440673828125,361.0,1568.53857421875
2022-05-06,408.54998779296875,2620.64990234375,710.25,1302.456298828125,260.5386657714844,357.29998779296875,1526.6817626953125
2022-05-09,403.95001220703125,2518.300048828125,711.5,1304.680419921875,256.9234619140625,353.3999938964844,1553.8935546875
2022-05-10,391.75,2474.64990234375,719.6500244140625,1325.6368408203125,253.7967987060547,353.45001220703125,1536.7254638671875
2022-05-11,388.1499938964844,2449.300048828125,722.8499755859375,1333.0999755859375,249.790771484375,347.1000061035156,1510.75048828125
2022-05-12,372.29998779296875,2399.39990234375,705.4000244140625,1303.050048828125,247.10379028320312,339.95001220703125,1492.9886474609375
2022-05-13,404.29998779296875,2426.60009765625,689.9000244140625,1291.3499755859375,252.6731719970703,336.95001220703125,1488.634765625
2022-05-16,405.3500061035156,2427.199951171875,693.2000122070312,1305.0999755859375,248.27630615234375,336.1000061035156,1473.4949951171875
2022-05-17,424.1499938964844,2529.14990234375,707.0499877929688,1314.0,258.63336181640625,342.45001220703125,1502.5374755859375
2022-05-18,415.1499938964844,2538.35009765625,696.1500244140625,1313.9000244140625,260.6852111816406,331.8999938964844,1493.3843994140625
2022-05-19,398.6499938964844,2479.85009765625,674.25,1287.050048828125,269.3323974609375,326.6499938964844,1412.1943359375
2022-05-20,418.0,2624.449951171875,687.9000244140625,1320.949951171875,273.58270263671875,332.79998779296875,1439.90087890625
2022-05-23,421.45001220703125,2606.89990234375,685.8499755859375,1304.0,268.208740234375,332.1000061035156,1453.011962890625
2022-05-24,425.75,2615.85009765625,678.2000122070312,1318.949951171875,264.6424255371094,330.1000061035156,1425.899169921875
2022-05-25,417.0,2612.0,688.2000122070312,1328.800048828125,266.45001220703125,326.1499938964844,1395.669189453125
2022-05-26,420.6499938964844,2587.10009765625,693.6500244140625,1366.699951171875,266.70001220703125,324.3500061035156,1409.0277099609375
2022-05-27,429.6000061035156,2575.10009765625,684.4000244140625,1392.050048828125,269.20001220703125,322.3500061035156,1446.035888671875
2022-05-30,442.3999938964844,2664.800048828125,699.0499877929688,1401.550048828125,269.04998779296875,329.1499938964844,1510.800048828125
2022-05-31,443.54998779296875,2632.64990234375,700.2000122070312,1388.949951171875,270.6499938964844,326.20001220703125,1503.5999755859375
2022-06-01,444.6000061035156,2633.5,694.6500244140625,1394.8499755859375,271.8500061035156,326.0,1478.550048828125
2022-06-02,439.1499938964844,2724.300048828125,695.9500122070312,1385.0999755859375,273.5,329.3500061035156,1508.0
2022-06-03,431.8999938964844,2779.5,686.5,1380.300048828125,272.70001220703125,328.1499938964844,1521.699951171875
2022-06-06,432.3500061035156,2767.550048828125,682.9500122070312,1378.449951171875,274.79998779296875,319.3500061035156,1530.050048828125
2022-06-07,435.8500061035156,2772.75,685.2999877929688,1362.5999755859375,273.8999938964844,320.25,1506.699951171875
2022-06-08,435.6499938964844,2724.050048828125,663.2999877929688,1367.4000244140625,267.8999938964844,323.8999938964844,1500.0
2022-06-09,428.5,2798.75,676.3499755859375,1377.699951171875,270.8500061035156,332.8500061035156,1515.0
2022-06-10,428.04998779296875,2714.25,673.3499755859375,1351.0999755859375,270.1499938964844,331.0,1476.800048828125
2022-06-13,406.70001220703125,2662.89990234375,671.2999877929688,1326.5999755859375,264.6499938964844,317.95001220703125,1424.5
2022-06-14,405.1499938964844,2628.10009765625,682.0499877929688,1312.0,265.45001220703125,314.29998779296875,1440.550048828125
2022-06-15,414.1000061035156,2596.300048828125,682.0999755859375,1307.449951171875,263.3999938964844,314.0,1422.199951171875
2022-06-16,392.95001220703125,2560.0,654.2000122070312,1281.300048828125,260.70001220703125,311.6499938964844,1397.199951171875
2022-06-17,388.95001220703125,2590.0,643.6500244140625,1289.75,263.29998779296875,301.0,1387.300048828125
2022-06-20,382.70001220703125,2543.050048828125,640.9000244140625,1322.1500244140625,264.1000061035156,296.04998779296875,1414.1500244140625
2022-06-21,397.6000061035156,2584.10009765625,654.2999877929688,1336.550048828125,269.8999938964844,301.20001220703125,1449.9000244140625
2022-06-22,393.1000061035156,2505.60009765625,642.8499755859375,1330.25,265.29998779296875,305.8999938964844,1437.25
2022-06-23,407.20001220703125,2464.949951171875,660.2000122070312,1335.1500244140625,265.5,307.8999938964844,1452.449951171875
2022-06-24,409.29998779296875,2500.050048828125,671.2000122070312,1353.800048828125,265.8500061035156,307.54998779296875,1441.0999755859375
2022-06-27,414.5,2492.64990234375,683.9500122070312,1356.25,269.95001220703125,315.0,1474.5999755859375
2022-06-28,417.1000061035156,2527.699951171875,681.1500244140625,1345.9000244140625,271.8500061035156,318.6000061035156,1480.1500244140625
2022-06-29,416.95001220703125,2580.14990234375,687.7999877929688,1343.949951171875,274.04998779296875,316.3999938964844,1463.25
2022-06-30,411.79998779296875,2595.64990234375,684.9500122070312,1348.0,273.5,308.3999938964844,1461.9000244140625
2022-07-01,412.70001220703125,2408.699951171875,673.4500122070312,1353.75,284.3500061035156,318.3500061035156,1479.4000244140625
2022-07-04,408.45001220703125,2413.699951171875,681.9000244140625,1355.6500244140625,291.8999938964844,316.3500061035156,1488.0
2022-07-05,412.0,2433.25,684.4500122070312,1352.5999755859375,286.8999938964844,313.1000061035156,1475.949951171875
2022-07-06,416.3500061035156,2411.85009765625,693.9500122070312,1371.25,289.29998779296875,321.29998779296875,1491.6500244140625
2022-07-07,430.8500061035156,2388.10009765625,686.7999877929688,1395.800048828125,291.95001220703125,329.3999938964844,1498.699951171875
2022-07-08,441.54998779296875,2391.39990234375,695.1500244140625,1397.0999755859375,293.04998779296875,325.29998779296875,1514.449951171875
2022-07-11,437.04998779296875,2423.89990234375,660.5499877929688,1406.1500244140625,295.0,315.8999938964844,1473.1500244140625
2022-07-12,430.54998779296875,2420.449951171875,663.0,1391.800048828125,292.70001220703125,308.6499938964844,1438.5999755859375
2022-07-13,427.1000061035156,2377.550048828125,643.5,1357.8499755859375,294.04998779296875,310.5,1444.449951171875
2022-07-14,428.04998779296875,2397.14990234375,641.6500244140625,1351.050048828125,290.8500061035156,306.1499938964844,1428.8499755859375
2022-07-15,440.20001220703125,2401.800048828125,651.7999877929688,1362.050048828125,293.54998779296875,312.1000061035156,1430.3499755859375
2022-07-18,450.8999938964844,2422.25,663.0499877929688,1347.550048828125,295.29998779296875,315.79998779296875,1489.9000244140625
2022-07-19,449.04998779296875,2437.10009765625,672.9000244140625,1348.050048828125,294.6000061035156,316.54998779296875,1484.1500244140625
2022-07-20,453.45001220703125,2503.0,670.6500244140625,1365.050048828125,298.20001220703125,317.1000061035156,1515.300048828125
2022-07-21,454.8500061035156,2486.300048828125,678.3499755859375,1360.75,299.54998779296875,322.70001220703125,1532.9000244140625
2022-07-22,454.8999938964844,2503.10009765625,678.8499755859375,1392.5,300.54998779296875,320.29998779296875,1506.300048828125
2022-07-25,449.54998779296875,2420.39990234375,678.4000244140625,1396.5999755859375,301.1000061035156,317.1499938964844,1503.5999755859375
2022-07-26,441.1499938964844,2421.5,684.0999755859375,1393.75,302.45001220703125,318.45001220703125,1451.1500244140625
2022-07-27,444.04998779296875,2419.199951171875,674.9000244140625,1404.4000244140625,304.1499938964844,324.6000061035156,1471.050048828125
2022-07-28,442.25,2457.10009765625,666.8499755859375,1416.8499755859375,303.45001220703125,326.04998779296875,1517.4000244140625
2022-07-29,449.6000061035156,2509.449951171875,677.9500122070312,1434.199951171875,303.04998779296875,330.29998779296875,1549.699951171875
